"ID","Name","Score","Date"
1,"Subject_1",60,2025-02-18
2,"Subject_2",80,2025-01-02
3,"Subject_3",43,2025-01-13
4,"Subject_4",96,2025-01-24
5,"Subject_5",71,2025-02-18
6,"Subject_6",79,2025-01-03
7,"Subject_7",72,2025-01-18
8,"Subject_8",43,2025-01-02
9,"Subject_9",54,2025-02-06
10,"Subject_10",98,2025-01-12
11,"Subject_11",86,2025-01-13
12,"Subject_12",38,2025-02-11
13,"Subject_13",55,2025-01-06
14,"Subject_14",36,2025-02-11
15,"Subject_15",71,2025-02-11
16,"Subject_16",38,2025-02-07
17,"Subject_17",65,2025-02-17
18,"Subject_18",72,2025-01-16
19,"Subject_19",44,2025-02-04
20,"Subject_20",61,2025-02-05
21,"Subject_21",36,2025-01-27
22,"Subject_22",38,2025-01-27
23,"Subject_23",70,2025-02-04
24,"Subject_24",52,2025-01-23
25,"Subject_25",56,2025-01-03
26,"Subject_26",89,2025-01-31
27,"Subject_27",82,2025-02-17
28,"Subject_28",36,2025-01-02
29,"Subject_29",82,2025-02-16
30,"Subject_30",56,2025-01-23
31,"Subject_31",67,2025-01-03
32,"Subject_32",63,2025-01-09
33,"Subject_33",98,2025-02-08
34,"Subject_34",92,2025-01-30
35,"Subject_35",42,2025-01-31
36,"Subject_36",54,2025-01-30
37,"Subject_37",67,2025-01-09
38,"Subject_38",50,2025-02-05
39,"Subject_39",70,2025-02-03
40,"Subject_40",76,2025-01-22
41,"Subject_41",89,2025-02-13
42,"Subject_42",45,2025-02-10
43,"Subject_43",35,2025-01-28
44,"Subject_44",68,2025-01-29
45,"Subject_45",60,2025-02-12
46,"Subject_46",79,2025-02-08
47,"Subject_47",63,2025-02-14
48,"Subject_48",33,2025-02-06
49,"Subject_49",42,2025-02-12
50,"Subject_50",98,2025-02-02
51,"Subject_51",54,2025-01-19
52,"Subject_52",81,2025-01-12
53,"Subject_53",51,2025-02-03
54,"Subject_54",61,2025-01-21
55,"Subject_55",54,2025-01-17
56,"Subject_56",64,2025-01-12
57,"Subject_57",69,2025-01-30
58,"Subject_58",59,2025-02-04
59,"Subject_59",41,2025-01-30
60,"Subject_60",60,2025-01-25
61,"Subject_61",59,2025-02-19
62,"Subject_62",93,2025-02-16
63,"Subject_63",43,2025-01-03
64,"Subject_64",100,2025-02-20
65,"Subject_65",96,2025-01-18
66,"Subject_66",52,2025-02-01
67,"Subject_67",66,2025-01-17
68,"Subject_68",37,2025-02-07
69,"Subject_69",80,2025-02-11
70,"Subject_70",79,2025-02-09
71,"Subject_71",75,2025-02-11
72,"Subject_72",46,2025-02-01
73,"Subject_73",91,2025-01-26
74,"Subject_74",75,2025-01-13
75,"Subject_75",83,2025-01-20
76,"Subject_76",64,2025-02-07
77,"Subject_77",53,2025-01-20
78,"Subject_78",36,2025-01-29
79,"Subject_79",52,2025-01-20
80,"Subject_80",55,2025-01-30
81,"Subject_81",61,2025-02-10
82,"Subject_82",36,2025-02-17
83,"Subject_83",56,2025-01-08
84,"Subject_84",71,2025-02-08
85,"Subject_85",34,2025-01-10
86,"Subject_86",99,2025-01-17
87,"Subject_87",45,2025-01-18
88,"Subject_88",53,2025-02-09
89,"Subject_89",61,2025-02-20
90,"Subject_90",50,2025-02-11
91,"Subject_91",84,2025-01-11
92,"Subject_92",65,2025-02-18
93,"Subject_93",68,2025-02-13
94,"Subject_94",83,2025-01-02
95,"Subject_95",38,2025-01-19
96,"Subject_96",100,2025-01-13
97,"Subject_97",77,2025-01-13
98,"Subject_98",85,2025-01-31
99,"Subject_99",68,2025-01-30
100,"Subject_100",97,2025-02-20
101,"Subject_101",30,2025-01-22
102,"Subject_102",69,2025-01-30
103,"Subject_103",59,2025-01-10
104,"Subject_104",45,2025-01-16
105,"Subject_105",83,2025-01-05
106,"Subject_106",77,2025-02-05
107,"Subject_107",49,2025-02-19
108,"Subject_108",96,2025-02-02
109,"Subject_109",65,2025-01-16
110,"Subject_110",81,2025-01-28
111,"Subject_111",51,2025-02-18
112,"Subject_112",78,2025-01-12
113,"Subject_113",71,2025-01-28
114,"Subject_114",88,2025-01-02
115,"Subject_115",40,2025-02-19
116,"Subject_116",84,2025-01-12
117,"Subject_117",37,2025-02-16
118,"Subject_118",75,2025-02-20
119,"Subject_119",95,2025-01-06
120,"Subject_120",75,2025-01-16
121,"Subject_121",99,2025-01-15
122,"Subject_122",73,2025-01-19
123,"Subject_123",61,2025-01-03
124,"Subject_124",65,2025-02-15
125,"Subject_125",74,2025-02-02
126,"Subject_126",43,2025-02-02
127,"Subject_127",45,2025-02-17
128,"Subject_128",62,2025-01-11
129,"Subject_129",69,2025-02-05
130,"Subject_130",69,2025-02-13
131,"Subject_131",39,2025-02-14
132,"Subject_132",38,2025-01-10
133,"Subject_133",36,2025-02-11
134,"Subject_134",36,2025-01-24
135,"Subject_135",87,2025-01-28
136,"Subject_136",90,2025-02-08
137,"Subject_137",53,2025-01-18
138,"Subject_138",92,2025-01-17
139,"Subject_139",83,2025-01-20
140,"Subject_140",52,2025-01-09
141,"Subject_141",55,2025-01-11
142,"Subject_142",62,2025-02-13
143,"Subject_143",86,2025-01-08
144,"Subject_144",58,2025-02-19
145,"Subject_145",39,2025-01-05
146,"Subject_146",82,2025-01-29
147,"Subject_147",83,2025-02-19
148,"Subject_148",40,2025-01-06
149,"Subject_149",54,2025-01-10
150,"Subject_150",81,2025-01-26
151,"Subject_151",55,2025-01-09
152,"Subject_152",36,2025-01-11
153,"Subject_153",54,2025-01-06
154,"Subject_154",61,2025-02-01
155,"Subject_155",53,2025-01-12
156,"Subject_156",86,2025-01-19
157,"Subject_157",52,2025-01-27
158,"Subject_158",43,2025-02-01
159,"Subject_159",35,2025-01-27
160,"Subject_160",30,2025-01-30
161,"Subject_161",87,2025-01-04
162,"Subject_162",58,2025-01-24
163,"Subject_163",55,2025-01-28
164,"Subject_164",56,2025-01-03
165,"Subject_165",36,2025-02-15
166,"Subject_166",89,2025-02-09
167,"Subject_167",55,2025-01-06
168,"Subject_168",70,2025-02-05
169,"Subject_169",35,2025-02-11
170,"Subject_170",60,2025-02-17
171,"Subject_171",46,2025-01-30
172,"Subject_172",93,2025-02-17
173,"Subject_173",66,2025-01-10
174,"Subject_174",86,2025-01-25
175,"Subject_175",49,2025-02-07
176,"Subject_176",64,2025-02-20
177,"Subject_177",62,2025-02-05
178,"Subject_178",95,2025-02-10
179,"Subject_179",33,2025-01-25
180,"Subject_180",34,2025-01-04
181,"Subject_181",54,2025-01-15
182,"Subject_182",37,2025-01-22
183,"Subject_183",84,2025-02-18
184,"Subject_184",74,2025-01-24
185,"Subject_185",47,2025-02-08
186,"Subject_186",71,2025-02-16
187,"Subject_187",60,2025-02-06
188,"Subject_188",35,2025-02-15
189,"Subject_189",100,2025-02-16
190,"Subject_190",90,2025-01-15
191,"Subject_191",77,2025-01-16
192,"Subject_192",46,2025-01-19
193,"Subject_193",74,2025-01-08
194,"Subject_194",92,2025-01-31
195,"Subject_195",82,2025-02-06
196,"Subject_196",82,2025-02-08
197,"Subject_197",92,2025-02-17
198,"Subject_198",100,2025-01-16
199,"Subject_199",46,2025-01-09
200,"Subject_200",31,2025-01-11
